penalty,C,AUC,time,file
l1,0.01,0.6084529831525937,53.654743909835815,../models/lr_iter2_l1_C0.01.pkl
l1,0.1,0.6910228934047935,146.32440423965454,../models/lr_iter2_l1_C0.1.pkl
l1,1.0,0.7160115366235236,876.3196659088135,../models/lr_iter2_l1_C1.pkl
l1,10.0,0.719354103611747,1461.3722236156464,../models/lr_iter2_l1_C10.pkl
l2,0.01,0.6760333593723262,31.02949810028076,../models/lr_iter2_l2_C0.01.pkl
l2,0.1,0.7154861173715629,41.495941400527954,../models/lr_iter2_l2_C0.1.pkl
l2,1.0,0.7193093572779433,40.212201833724976,../models/lr_iter2_l2_C1.pkl
l2,10.0,0.7196652082398047,42.72616767883301,../models/lr_iter2_l2_C10.pkl
